uri,id,name,owner,total
spotify:playlist:3yRd1czwUfrufLyU6rC8lg,3yRd1czwUfrufLyU6rC8lg,SHE'S NOT W JIM TONIGHT,sara,31
spotify:playlist:567JFhzeYWJScBj87F7fss,567JFhzeYWJScBj87F7fss,Gus Dapperton Setlist 2023,tatianaavar,18
spotify:playlist:37i9dQZF1Fa1IIVtEpGUcU,37i9dQZF1Fa1IIVtEpGUcU,Your Top Songs 2023,Spotify,101
spotify:playlist:37i9dQZF1DX2UQ1I1FrJsu,37i9dQZF1DX2UQ1I1FrJsu,Wine Bar,Spotify,100
spotify:playlist:37i9dQZF1DX2yvmlOdMYzV,37i9dQZF1DX2yvmlOdMYzV,Lowkey,Spotify,150
spotify:playlist:37i9dQZF1DWU4DdJqbjPl5,37i9dQZF1DWU4DdJqbjPl5,Tantalizers,Spotify,85
spotify:playlist:0DsyxUdds3OkBwaA07qTqz,0DsyxUdds3OkBwaA07qTqz,8D frequencies,Cierra Mary√©,76
spotify:playlist:6cZTNaBtcZgJL7jVbx1HpH,6cZTNaBtcZgJL7jVbx1HpH,üßø modern soul spiritual early hours (combo),sanapatel,526
spotify:playlist:1c8cwsshkZCWHlk1kIZIiX,1c8cwsshkZCWHlk1kIZIiX,main character,saving connie,119
spotify:playlist:37i9dQZF1DX1dvMSwf27JO,37i9dQZF1DX1dvMSwf27JO,'fit check,Spotify,100
spotify:playlist:78vKVJDJdgx5G9FvNNpw5a,78vKVJDJdgx5G9FvNNpw5a,sunset blvd,oluchi ezekwenna,67
spotify:playlist:1rOWw6SuIiVL6I6639NMYv,1rOWw6SuIiVL6I6639NMYv,aplasticplaylist,aplasticplant,610
spotify:playlist:69MfZ3CZ5w8kBRpkUIF58R,69MfZ3CZ5w8kBRpkUIF58R,far too many feelings ,sanapatel,160
spotify:playlist:37i9dQZF1EJy0SqncFnDhZ,37i9dQZF1EJy0SqncFnDhZ,oluchi + Jordan,Spotify,50
spotify:playlist:7FlFZjWCrVysnUiE2tCIyu,7FlFZjWCrVysnUiE2tCIyu,Haverdisco 2k23,Trisha Phan,125
spotify:playlist:2qlFXygy56hDnjxWMV6Ttu,2qlFXygy56hDnjxWMV6Ttu,Spotalike: Earl Sweatshirt - Riot!,Jordan Shand,50
spotify:playlist:4i5Zde9p3AuUNBUWgm8hHt,4i5Zde9p3AuUNBUWgm8hHt,Neurological Optimization ,August Williams,84
spotify:playlist:7yPnmOjFQhTAnt1S0XkQoR,7yPnmOjFQhTAnt1S0XkQoR,Hoppers Croak-Box #1,Rasaaq Shittu,106
spotify:playlist:7rGrOwS80nSaYVkLgeMsyD,7rGrOwS80nSaYVkLgeMsyD,kuchis üåπ,julgi0,75
spotify:playlist:5w8PDTYsJ9zavAa2G54SUZ,5w8PDTYsJ9zavAa2G54SUZ,lonely stoner vibes üåï,laineyspice ‚òº,99
spotify:playlist:3N7lFGA4fIyQxeRt7yBv1S,3N7lFGA4fIyQxeRt7yBv1S,The Boondocks ,Johannes Hessler Ibsen,305
spotify:playlist:50tYI2X1tTNEnh1gZr3WCA,50tYI2X1tTNEnh1gZr3WCA,mcdonald‚Äôs sprite,Brandon Jenkins,71
spotify:playlist:37i9dQZF1EP6YuccBxUcC1,37i9dQZF1EP6YuccBxUcC1,daylist ‚Ä¢ carefree sensational monday night,Spotify,50
spotify:playlist:2DKooo7N9OI47udPDGG4aI,2DKooo7N9OI47udPDGG4aI,mr.put.it.on,Jordan Shand,28
spotify:playlist:69zCRFsW0SUJW2sy7p4Z1y,69zCRFsW0SUJW2sy7p4Z1y,pos.beats,Jordan Shand,55
spotify:playlist:2GroQzcb2r6tWnzvSXu7uc,2GroQzcb2r6tWnzvSXu7uc,nature valley granola mix ,Jordan Shand,46
spotify:playlist:0Zoext3bLexDl7qxXoHEie,0Zoext3bLexDl7qxXoHEie,‚ôãÔ∏èüéê,Jordan Shand,80
spotify:playlist:2lgwrtfrLxZRQENu17xS9D,2lgwrtfrLxZRQENu17xS9D,uk.drill,Jordan Shand,18
spotify:playlist:5EM3v2P5yKX9rsBQMbZwZ9,5EM3v2P5yKX9rsBQMbZwZ9,thebe,Jordan Shand,16
spotify:playlist:0KSA5as2WWknxUpYxrFvRU,0KSA5as2WWknxUpYxrFvRU,idk,Jordan Shand,24
spotify:playlist:44oPsVX7Mr5v1PyRfFMl83,44oPsVX7Mr5v1PyRfFMl83,buffbaby,Jordan Shand,9
spotify:playlist:6IY90DFt9LIx4tieP39Dk2,6IY90DFt9LIx4tieP39Dk2,clifford,Jordan Shand,19
spotify:playlist:4vNtUIH3TrQ8hIC4fHX26L,4vNtUIH3TrQ8hIC4fHX26L,fkngoblin,Jordan Shand,90
spotify:playlist:3jz3wbSZM8WlPOLRoI3ce0,3jz3wbSZM8WlPOLRoI3ce0,easymac,Jordan Shand,63
spotify:playlist:2cLu3Bq8pOzc0MK9IFs6cv,2cLu3Bq8pOzc0MK9IFs6cv,kota,Jordan Shand,22
spotify:playlist:7qRw0js0OM8CgO8qA4Cl4c,7qRw0js0OM8CgO8qA4Cl4c,kuchis,Jordan Shand,15
spotify:playlist:6cxkW5gglbXURVdfQ7SiUs,6cxkW5gglbXURVdfQ7SiUs,chano,Jordan Shand,53
spotify:playlist:5V5Aweqdw4VZeSqdYoQ4yR,5V5Aweqdw4VZeSqdYoQ4yR,thedon,Jordan Shand,34
spotify:playlist:6inPXeLVFm1hxL4IuQSc9V,6inPXeLVFm1hxL4IuQSc9V,keeeeeeeem,Jordan Shand,27
spotify:playlist:45jNkqfRj87TbaKSjXK5yW,45jNkqfRj87TbaKSjXK5yW,lilbird,Jordan Shand,24
spotify:playlist:712g9mNHL14pmnjbYSJ6qV,712g9mNHL14pmnjbYSJ6qV,jermaine,Jordan Shand,72
spotify:playlist:6dNEh9Ff3D1Ef4fnUH0AIZ,6dNEh9Ff3D1Ef4fnUH0AIZ,yak,Jordan Shand,24
spotify:playlist:6kY3pbFoEHXIcxArXTy4My,6kY3pbFoEHXIcxArXTy4My,bigfish,Jordan Shand,53
spotify:playlist:3zmoNQksLijrq9i9aEwnVV,3zmoNQksLijrq9i9aEwnVV,cuccimane,Jordan Shand,22
spotify:playlist:50tEnzB2nmrafIBMT16cLV,50tEnzB2nmrafIBMT16cLV,aubrey,Jordan Shand,137
spotify:playlist:6jOI30RJjxbQOSVOYGQjXc,6jOI30RJjxbQOSVOYGQjXc,blueprints,Jordan Shand,83
spotify:playlist:2tbrbhJAxepwSK9CorFhWd,2tbrbhJAxepwSK9CorFhWd,hundohp,Jordan Shand,168
spotify:playlist:0110lNaeSiWv1ygsWZeTyT,0110lNaeSiWv1ygsWZeTyT,rockybrocky,Jordan Shand,55
spotify:playlist:0AUptlDKSJYWBS0lf4aVxQ,0AUptlDKSJYWBS0lf4aVxQ,topdawg,Jordan Shand,114
spotify:playlist:3fu8a947YLoLrapAsRSfoj,3fu8a947YLoLrapAsRSfoj,dreamers,Jordan Shand,44
spotify:playlist:3thlrGI9pIe6CHvFLZ1rit,3thlrGI9pIe6CHvFLZ1rit,I‚Äôm Jawn Morgan,August Williams,49
spotify:playlist:28luRQK8fE6P0LHc4kKVYJ,28luRQK8fE6P0LHc4kKVYJ,Let's eat a W,Zach Becker,205
spotify:playlist:0TAIXFfeoH1CaJp45xdW68,0TAIXFfeoH1CaJp45xdW68,„Ç∏„É£„ÉØ„ÅÆÊ±ó,Jordan Shand,7
spotify:playlist:4FAARFt7jobvmVDQmuwXtK,4FAARFt7jobvmVDQmuwXtK,„Éò„ÉÉ„Éâ„Éê„É≥„Ç¨„Éº,Jordan Shand,10
spotify:playlist:1SfQYPtBBjKo9gURpK8BPN,1SfQYPtBBjKo9gURpK8BPN,lock.in,Jordan Shand,43
spotify:playlist:5VoDa3S71EjQ8jEc5ZU2Dr,5VoDa3S71EjQ8jEc5ZU2Dr,üé´üí®,Jordan Shand,47
spotify:playlist:6GByUVYOUXToWT4FsuUotu,6GByUVYOUXToWT4FsuUotu,countrypotato,Jordan Shand,137
spotify:playlist:3FLxDU2YrM8m858t9RGqHQ,3FLxDU2YrM8m858t9RGqHQ,liberation,Jordan Shand,4
spotify:playlist:3dsXSlfnXNMexXTAxQ6cAG,3dsXSlfnXNMexXTAxQ6cAG,spirit of the drums liberating the soul,Jordan Shand,22
spotify:playlist:4WujDffLAf726mw7s3Mzzh,4WujDffLAf726mw7s3Mzzh,afrobeats,Jordan Shand,33
spotify:playlist:6o54k7IYCBUaVLtILpO8aJ,6o54k7IYCBUaVLtILpO8aJ,motherland,Jordan Shand,22
spotify:playlist:46e8AfcNWZdbEttuzXQudH,46e8AfcNWZdbEttuzXQudH,crying.during.sex.trap.house,Jordan Shand,77
spotify:playlist:591KlXFmbxneftwd1N1ESt,591KlXFmbxneftwd1N1ESt,where.are.you.goin,Jordan Shand,80
spotify:playlist:1soDO9vxzQvuKICUELsp2Y,1soDO9vxzQvuKICUELsp2Y,logos.sphere,Jordan Shand,67
spotify:playlist:29aUxIpRveabBLVKDMwe3u,29aUxIpRveabBLVKDMwe3u,meds,Jordan Shand,43
spotify:playlist:4RHHBrCu0YetRS5mX2hNrc,4RHHBrCu0YetRS5mX2hNrc,b√∏unce.cl√∂b,Jordan Shand,68
spotify:playlist:70RNxDsusOxG4TU7c9oejS,70RNxDsusOxG4TU7c9oejS,5.place.tapes,Jordan Shand,67
spotify:playlist:1YX6xP9lRGTk3033Jhuqy0,1YX6xP9lRGTk3033Jhuqy0,smellya,Jordan Shand,122
spotify:playlist:2AOvfwAC5xc2BGJrgWdjso,2AOvfwAC5xc2BGJrgWdjso,parking.lot.bops,Jordan Shand,42
spotify:playlist:3mULKDjh5TMcRyWttcbUSr,3mULKDjh5TMcRyWttcbUSr,cerebral.swings,Jordan Shand,55
spotify:playlist:5YwXvADzHyvQg7kdU2pUlk,5YwXvADzHyvQg7kdU2pUlk,the.great.escape,Jordan Shand,58
spotify:playlist:5Ia5N9SEzsD8EpIn3uTGao,5Ia5N9SEzsD8EpIn3uTGao,float,Jordan Shand,38
spotify:playlist:3ulQmvU4UOmoudv6qmbTOx,3ulQmvU4UOmoudv6qmbTOx,indiboi,Jordan Shand,47
spotify:playlist:44fGREdWQSityLpDY7zfDY,44fGREdWQSityLpDY7zfDY,goonies,Jordan Shand,74
spotify:playlist:7kZDPYvWblw6mRrvjiqW8M,7kZDPYvWblw6mRrvjiqW8M,pretty.boy.summer,Jordan Shand,32
spotify:playlist:5aZtrIfWZhk6YAsfTq5Hoj,5aZtrIfWZhk6YAsfTq5Hoj,sak.pase,Jordan Shand,28
spotify:playlist:4ZwgWVbARsH5Yftsf9Wkzr,4ZwgWVbARsH5Yftsf9Wkzr,biking,Jordan Shand,28
spotify:playlist:08Z6mWm8O4cI3O60wKg8AJ,08Z6mWm8O4cI3O60wKg8AJ,get.lost,Jordan Shand,57
spotify:playlist:3DjC0urzKkZzfVw2ydQ4ea,3DjC0urzKkZzfVw2ydQ4ea,gulf,Jordan Shand,11
spotify:playlist:4uX3EXTKZOc8l3grKFQEAh,4uX3EXTKZOc8l3grKFQEAh,para.mi.cabr√≥ns,Jordan Shand,64
spotify:playlist:5ZrTy4Dx9h9ptXbmAZ3ENJ,5ZrTy4Dx9h9ptXbmAZ3ENJ,lounge,Jordan Shand,41
spotify:playlist:3GYX9MCXllSqg6MRgCByDh,3GYX9MCXllSqg6MRgCByDh,samples,Jordan Shand,46
spotify:playlist:6e910x1vMToRNxfUpMJhEJ,6e910x1vMToRNxfUpMJhEJ,coopbumps,Jordan Shand,25
spotify:playlist:5FozDSwkIxZPp2C2bma02T,5FozDSwkIxZPp2C2bma02T,RAP & Religion,Jordan Shand,120
spotify:playlist:6VPPy9Nh9yINRklGrX0URO,6VPPy9Nh9yINRklGrX0URO,newdirect,Jordan Shand,116
spotify:playlist:4y2fqXATxf1P95Zj1qXidk,4y2fqXATxf1P95Zj1qXidk,goodtime,Jordan Shand,61
spotify:playlist:10JH07Eq1QXJp0DHWxYNn2,10JH07Eq1QXJp0DHWxYNn2,baby.cakes ,Jordan Shand,68
spotify:playlist:4a8sXuQqJbxJQYgdPnbO7b,4a8sXuQqJbxJQYgdPnbO7b,stayforaday,Jordan Shand,35
spotify:playlist:254JlRRJOTxn7hRyCYBPq4,254JlRRJOTxn7hRyCYBPq4,rentacar,Jordan Shand,68
spotify:playlist:4aQpBHYNvQm9Ne9gE2xdSE,4aQpBHYNvQm9Ne9gE2xdSE,dongshots,Jordan Shand,58
spotify:playlist:042IBpqSgLleRGQRyTvkkO,042IBpqSgLleRGQRyTvkkO,vibefindy,Jordan Shand,62
spotify:playlist:7L9lchjcI4ZvVPcoa1JniV,7L9lchjcI4ZvVPcoa1JniV,enjoyurstay,Jordan Shand,136
spotify:playlist:59mSZIqGLVq9p6OvSuo4QD,59mSZIqGLVq9p6OvSuo4QD,thugger.puppy,Jordan Shand,95
spotify:playlist:78axx9XnoGbd09hTfez2Ih,78axx9XnoGbd09hTfez2Ih,neverstop ,Jordan Shand,80
spotify:playlist:7tKeZlXX8CFCwDo0IS1Tzo,7tKeZlXX8CFCwDo0IS1Tzo,demontime ,Jordan Shand,172
spotify:playlist:0c0GNmgBcgwzY7LOW6qnxX,0c0GNmgBcgwzY7LOW6qnxX,boystime,Jordan Shand,114
spotify:playlist:4LdNBrcF9hgmVHCWCnSxxX,4LdNBrcF9hgmVHCWCnSxxX,goyard,Jordan Shand,142
spotify:playlist:479C9WolzQieqM3meVOMax,479C9WolzQieqM3meVOMax,switchup,Jordan Shand,145
spotify:playlist:4kpFmazGFAl5aPdWW5RHtj,4kpFmazGFAl5aPdWW5RHtj,hardhitters,Jordan Shand,144
spotify:playlist:1DTxUCPLDd1hsv0pRMTCEm,1DTxUCPLDd1hsv0pRMTCEm,whipchange,Jordan Shand,170
spotify:playlist:22cdoYooO3VXuhaKGTVueU,22cdoYooO3VXuhaKGTVueU,Traplist,Jordan Shand,66
spotify:playlist:5Oz0g1uQhe4TBP79LGLvLV,5Oz0g1uQhe4TBP79LGLvLV,SophSzn,Jordan Shand,112
spotify:playlist:5J5NaRsDTx7tykRrA3ERR3,5J5NaRsDTx7tykRrA3ERR3,slap,Jordan Shand,53
spotify:playlist:79tpKvlBDs2NT2n9Zwsu84,79tpKvlBDs2NT2n9Zwsu84,bustback,Jordan Shand,38
spotify:playlist:0qYsJdBFoJV7Hf1jJukNpf,0qYsJdBFoJV7Hf1jJukNpf,eightguys,Jordan Shand,23
spotify:playlist:50QxXMTWZEmLj5pLKevYiv,50QxXMTWZEmLj5pLKevYiv,work,Jordan Shand,70
spotify:playlist:0ro8AQVfVBPBrvwyI1fR2C,0ro8AQVfVBPBrvwyI1fR2C,oldheadmotel,Jordan Shand,26
spotify:playlist:6dPgkaCiskZvT0dNtfY7r5,6dPgkaCiskZvT0dNtfY7r5,retro,Jordan Shand,53
spotify:playlist:69qJalbz53m03KAuEPcnbY,69qJalbz53m03KAuEPcnbY,sadthug üòî,Jordan Shand,9
spotify:playlist:0EPTTcYZhKnj1y3SKo4OuV,0EPTTcYZhKnj1y3SKo4OuV,sadboyhours,Jordan Shand,38
spotify:playlist:7cmryeqK3ftJ4L6IzobBax,7cmryeqK3ftJ4L6IzobBax,M255_List_of_40,rich6833spot,40
spotify:playlist:0mR4VEPrI6YSnEeiMvFP59,0mR4VEPrI6YSnEeiMvFP59,MUSC255:Neo_Tokyo,Jordan Shand,10
spotify:playlist:1QaBNtgCIzTDoXMjz3EfDM,1QaBNtgCIzTDoXMjz3EfDM,MUSC255:Lonely_Loner,Jordan Shand,10
spotify:playlist:7I076Vit9Fd65C9fVNlPy0,7I076Vit9Fd65C9fVNlPy0,MUSC255:GenZ_UK_Rap,Jordan Shand,10
spotify:playlist:0QZa8PuiIKpSRDXFcbc2y2,0QZa8PuiIKpSRDXFcbc2y2,MUSC255: Subset_of_40,Jordan Shand,10
spotify:playlist:1HgXsC4lpjwzAchxNHci78,1HgXsC4lpjwzAchxNHci78,MUSC255: Listening Journal ,Jordan Shand,6
spotify:playlist:54DQhHIgZxLXvzeCGCbizM,54DQhHIgZxLXvzeCGCbizM,House Party Aux 2024 üè†üçª,Off The Wall,90
spotify:playlist:6BSoBVdgr9ZMeiD4VgQDy0,6BSoBVdgr9ZMeiD4VgQDy0,Testing,Jordan Shand,9
spotify:playlist:10o3VFFHwIbNYwZEZAYHqm,10o3VFFHwIbNYwZEZAYHqm,last.dance,Jordan Shand,27
spotify:playlist:37i9dQZF1DWSTeI2WWFaia,37i9dQZF1DWSTeI2WWFaia,Spilled Ink,Spotify,50
spotify:playlist:37i9dQZF1DXayr1BrK1OaY,37i9dQZF1DXayr1BrK1OaY,crying on the dance floor,Spotify,100
spotify:playlist:37i9dQZF1DWSfMe9z89s9B,37i9dQZF1DWSfMe9z89s9B,Vanguard,Spotify,150
spotify:playlist:6xNQb9FGJOgVJ2d03fBtMf,6xNQb9FGJOgVJ2d03fBtMf,mornin‚Äô daze,rapisreligion,275
spotify:playlist:37i9dQZF1DX8OR0U4UGusN,37i9dQZF1DX8OR0U4UGusN,omw,Spotify,61
spotify:playlist:37i9dQZF1DX4Vd1jJ7X9H8,37i9dQZF1DX4Vd1jJ7X9H8,Soir√©e,Spotify,50
spotify:playlist:37i9dQZF1DWWVULl5wUsL9,37i9dQZF1DWWVULl5wUsL9,Gemini,Spotify,50
spotify:playlist:37i9dQZF1DXcbAIldMQMIs,37i9dQZF1DXcbAIldMQMIs,text me back,Spotify,70
spotify:playlist:37i9dQZF1EQnJyHBkXpASl,37i9dQZF1EQnJyHBkXpASl,Funk Mix,Spotify,50
spotify:playlist:37i9dQZF1EQqkOPvHGajmW,37i9dQZF1EQqkOPvHGajmW,Indie Mix,Spotify,50
spotify:playlist:0du7qiptLL0y79Smq24Fak,0du7qiptLL0y79Smq24Fak,3LAU Remixes,3LAU,12
spotify:playlist:37i9dQZF1DX0MLFaUdXnjA,37i9dQZF1DX0MLFaUdXnjA,Chill Pop,Spotify,100
spotify:playlist:25tge5QXHGhRnhYdKyaUAC,25tge5QXHGhRnhYdKyaUAC,remixes,Jordan Shand,37
spotify:playlist:4C1NvtVVqG09uoYfUFUNI3,4C1NvtVVqG09uoYfUFUNI3,üßëüèª‚ÄçüéÑ20-ClausüéÖüèª,Jordan Shand,11
spotify:playlist:2cAjSGylmmi6HoQ5oeGfea,2cAjSGylmmi6HoQ5oeGfea,megatrap,Jordan Shand,125
spotify:playlist:4Hq3yz3q7YpQKaOQQw9axV,4Hq3yz3q7YpQKaOQQw9axV,hallopeen,Jordan Shand,29
spotify:playlist:0TGh9WpAn8FTYZ6q53y8HS,0TGh9WpAn8FTYZ6q53y8HS,megayurdd,Jordan Shand,125
spotify:playlist:2sKQ747xnFoSsYZBlx7EkJ,2sKQ747xnFoSsYZBlx7EkJ,megabitches,Jordan Shand,191
spotify:playlist:4tfZFEhOYRHwl9nUo0BEVY,4tfZFEhOYRHwl9nUo0BEVY,megawolf,Jordan Shand,116
spotify:playlist:72QFXO4jTB2AO0fdKzC7Ax,72QFXO4jTB2AO0fdKzC7Ax,midwinter.drinker,Jordan Shand,53
spotify:playlist:3stujqIcfT105DAhjt8uDF,3stujqIcfT105DAhjt8uDF,vday.pong,Jordan Shand,219
spotify:playlist:69pea3R4voGGcHm7jOfIiN,69pea3R4voGGcHm7jOfIiN,luv.pung,Jordan Shand,255
spotify:playlist:2DxQL9rnCXYF1qwoSuyPOZ,2DxQL9rnCXYF1qwoSuyPOZ,((beach)),Jordan Shand,144
spotify:playlist:6bhJw4jdWoVxAO40CvoO2V,6bhJw4jdWoVxAO40CvoO2V,firstmucker,Jordan Shand,229
spotify:playlist:0N5tjRdB9B06ochkZOOdcn,0N5tjRdB9B06ochkZOOdcn,mixies ,Jordan Shand,44
spotify:playlist:2sFuJeIKehkNBUSU3u4RJZ,2sFuJeIKehkNBUSU3u4RJZ,beaches,Jordan Shand,159
spotify:playlist:2qYGVxAB9DpOx0hJ0UsVuh,2qYGVxAB9DpOx0hJ0UsVuh,firstdrink,Jordan Shand,111
spotify:playlist:7D5oFZsXCp17W3hJe06V2p,7D5oFZsXCp17W3hJe06V2p,oldparty,Jordan Shand,145
spotify:playlist:0Fpp7chY2BWfqOTJxbRtRY,0Fpp7chY2BWfqOTJxbRtRY,formelvin,Jordan Shand,94
spotify:playlist:0Mz1WAFp7DjMdIAlij33s1,0Mz1WAFp7DjMdIAlij33s1,swƒÅray,Jordan Shand,130
spotify:playlist:0HLC9cHaEP06LQHjgVnJhU,0HLC9cHaEP06LQHjgVnJhU,luv.hittin.cups.üñ§‚ù§Ô∏è,Jordan Shand,211
spotify:playlist:79BY5cAK4GpNeSRNOakCLA,79BY5cAK4GpNeSRNOakCLA,üî•‚ùÑÔ∏è,Jordan Shand,248
spotify:playlist:27FfOO7tQmrfXrnmQAKc2U,27FfOO7tQmrfXrnmQAKc2U,thehits,Jordan Shand,84
spotify:playlist:1VSZyyxVataO0xjG0q7Z3n,1VSZyyxVataO0xjG0q7Z3n,lnd,Jordan Shand,51
spotify:playlist:12AFas8eeamSLslnDrZpVg,12AFas8eeamSLslnDrZpVg,twothousand ,Jordan Shand,36
spotify:playlist:4WAdlYYZr8sZvZ79TqKdLT,4WAdlYYZr8sZvZ79TqKdLT,trash party: reloaded,Jordan Shand,135
spotify:playlist:1ua2lUZvcJJCENut6TbplQ,1ua2lUZvcJJCENut6TbplQ,we.the.problem,Jordan Shand,75
spotify:playlist:6huUo2PkYTJeCSVWKQrDId,6huUo2PkYTJeCSVWKQrDId,her.vs.her,Jordan Shand,158
spotify:playlist:0fHQO9SzrWXvg7lEk0vQ5y,0fHQO9SzrWXvg7lEk0vQ5y,BN4L,Jordan Shand,70
spotify:playlist:7AwFUdRYxgvy7WiURRfcEq,7AwFUdRYxgvy7WiURRfcEq,send.it,Jordan Shand,41
spotify:playlist:0z5VUDJswzlFizJCvjN03o,0z5VUDJswzlFizJCvjN03o,lena.paul.mix,Jordan Shand,72
spotify:playlist:6XJcFocNm0xQ04S3VPQ5Ch,6XJcFocNm0xQ04S3VPQ5Ch,((GAC)),Jordan Shand,16
spotify:playlist:6ow1GfdU67fQJviu3yp8of,6ow1GfdU67fQJviu3yp8of,pong tournery,Jordan Shand,448
spotify:playlist:5NeD4QqS3l1iwxWuvDq8lt,5NeD4QqS3l1iwxWuvDq8lt,we((kirshnik))ball,Jordan Shand,98
spotify:playlist:5FPgo99iakKA1zOUr7VEij,5FPgo99iakKA1zOUr7VEij,Henry's Barn,Jordan Shand,80
spotify:playlist:18b141nXN94Ga9pkKFrIlf,18b141nXN94Ga9pkKFrIlf,Damn She Bad,Jordan Shand,100
spotify:playlist:5GAwR8b0ZeeOOQkYLw5Au3,5GAwR8b0ZeeOOQkYLw5Au3,Talk To Me,Jordan Shand,67
spotify:playlist:3MhDSxjDbdtvNwFnYsguoo,3MhDSxjDbdtvNwFnYsguoo,natutical((wet))dreams,Jordan Shand,67
spotify:playlist:6BGRsXcGuHEOS2Zy5tZXgR,6BGRsXcGuHEOS2Zy5tZXgR,classics,Jordan Shand,104
spotify:playlist:0JKaLOz2trwd2t1GnkUpfn,0JKaLOz2trwd2t1GnkUpfn,firedrill,Jordan Shand,69
spotify:playlist:02mK2ngU4yaElSW04sOzQy,02mK2ngU4yaElSW04sOzQy,suckdown,Jordan Shand,111
spotify:playlist:2qsJ3VbVYLhzJv45IUXA8H,2qsJ3VbVYLhzJv45IUXA8H,getoff,Jordan Shand,92
spotify:playlist:22sApu4LUX0OkeiLt6x2QD,22sApu4LUX0OkeiLt6x2QD,mememusic,Jordan Shand,39
spotify:playlist:73bqdMXM36d7UirW0zwZ2b,73bqdMXM36d7UirW0zwZ2b,freshbumps,Jordan Shand,77
spotify:playlist:4iTisY8DAK3WRUKJsgdOKX,4iTisY8DAK3WRUKJsgdOKX,fluff,Jordan Shand,82
spotify:playlist:3ynCj9F0nmrmOBRU1otwIq,3ynCj9F0nmrmOBRU1otwIq,serenade,Jordan Shand,260
spotify:playlist:3Hfzq24z2aTf1eXh7lCMk5,3Hfzq24z2aTf1eXh7lCMk5,atwhatcost,Jordan Shand,324
spotify:playlist:2p8IIsp367170A8YhgLpy5,2p8IIsp367170A8YhgLpy5,fringe,Jordan Shand,8
spotify:playlist:1UeL7ScRhem4HjmRlWyzwd,1UeL7ScRhem4HjmRlWyzwd,prada,Jordan Shand,40
spotify:playlist:6rBSL8ggvPEZ7NZ2cCYZ0D,6rBSL8ggvPEZ7NZ2cCYZ0D,house.x.ha,Jordan Shand,62
spotify:playlist:1JXWhjYhNCR746Wyzck2vd,1JXWhjYhNCR746Wyzck2vd,is.this.our.house.?,Jordan Shand,74
spotify:playlist:5pCF6vHFIVocO7NfjuIsDS,5pCF6vHFIVocO7NfjuIsDS,fuck.it.she.ball,Jordan Shand,99
spotify:playlist:7s0mEIWFWl0hIHhotqcRtg,7s0mEIWFWl0hIHhotqcRtg,new.world.order,Jordan Shand,43
spotify:playlist:4frq8ijHIo076EUIJjB2lX,4frq8ijHIo076EUIJjB2lX,to.the.sun,Jordan Shand,70
spotify:playlist:1eVTUGf9z3APe5nTnujpzj,1eVTUGf9z3APe5nTnujpzj,friendsmix,Jordan Shand,12
spotify:playlist:26Lt9cGlLtlwT9NQFBgzRQ,26Lt9cGlLtlwT9NQFBgzRQ,baseball walk ups,Jason Chung,18
spotify:playlist:0kA63sBaCBS6J16JlF9t2y,0kA63sBaCBS6J16JlF9t2y,baseballbump,Jordan Shand,49
spotify:playlist:1p1DskDW7tjuUb8vnrxa1w,1p1DskDW7tjuUb8vnrxa1w,Liked from Radio,Jordan Shand,12
spotify:playlist:0NgD5tAJcg4WfRemGNwvsx,0NgD5tAJcg4WfRemGNwvsx,2k17 Vibes,Jordan Shand,50
spotify:playlist:3eIrTiOTeCDZaXsBw0iUgq,3eIrTiOTeCDZaXsBw0iUgq,Pregame,Jordan Shand,55
spotify:playlist:3Q8Gq3BlFXJgwsnYpuU7nL,3Q8Gq3BlFXJgwsnYpuU7nL,2.1,Jordan Shand,47
spotify:playlist:37i9dQZF1Cz4ezYf4fv43C,37i9dQZF1Cz4ezYf4fv43C,Your Top Songs 2016,Spotify,101
spotify:playlist:7wZ2ePqIvZ64FZs6xQ7JUQ,7wZ2ePqIvZ64FZs6xQ7JUQ,1.1,Jordan Shand,35
spotify:playlist:0EyF8NTiqvLenI973NRmxK,0EyF8NTiqvLenI973NRmxK,Danker than McDanksüçîüçü,paigedevs,411
spotify:playlist:7dGZbjx9JUbNXLDBjVaRwk,7dGZbjx9JUbNXLDBjVaRwk,tb,Jordan Shand,26
spotify:playlist:48ex7Ws9O1asLvr6ETuEqk,48ex7Ws9O1asLvr6ETuEqk,hey there,Jordan Shand,43
spotify:playlist:4vcyvVu3ke8MUY0kOAVXj5,4vcyvVu3ke8MUY0kOAVXj5,J$hand,Jordan Shand,38
spotify:playlist:5nk1OvcSkzadWcOJKE8eUv,5nk1OvcSkzadWcOJKE8eUv,Starred,Jordan Shand,22
spotify:playlist:6rz7TGW0ay9t3O4cGWfqTj,6rz7TGW0ay9t3O4cGWfqTj,Inspiration,Jordan Shand,42
spotify:playlist:4iXIFYa7fT8mef8QwThIVV,4iXIFYa7fT8mef8QwThIVV,party,Jordan Shand,0
spotify:playlist:5QbGsd6qPO0ItyBN0chvXF,5QbGsd6qPO0ItyBN0chvXF,üî•üî•,Jordan Shand,19
spotify:playlist:2wEjhzRv8U8AQevmZA8HEV,2wEjhzRv8U8AQevmZA8HEV,workout,Jordan Shand,28
spotify:playlist:0vL4DBDYbGtBMva829zPnA,0vL4DBDYbGtBMva829zPnA,hello peeps,Jordan Shand,34
spotify:playlist:2NoR0KhNZ8oZnC3HoNt2FV,2NoR0KhNZ8oZnC3HoNt2FV,Hip-Hop and Play,PlayStation¬ÆÔ∏è,667
spotify:playlist:5T3GEvHcXP4dV1NEtPEuRQ,5T3GEvHcXP4dV1NEtPEuRQ,JAY Z - Niggas In Paris,anettekezia,50
spotify:playlist:6oKkdiLulexbU9RyM40uX1,6oKkdiLulexbU9RyM40uX1,hola,Jordan Shand,20
spotify:playlist:40HnlnjSqVJdhzENuOsEbD,40HnlnjSqVJdhzENuOsEbD,hi,Jordan Shand,19
spotify:playlist:4ljgbWGnKLDIEqBj6vYrtD,4ljgbWGnKLDIEqBj6vYrtD,plop,Jordan Shand,30
spotify:playlist:0MrcpGdZ3jooTr5n8B99Do,0MrcpGdZ3jooTr5n8B99Do,peepee,Jordan Shand,21
spotify:playlist:5g0PbSOCfRE2e0LVdrGf8H,5g0PbSOCfRE2e0LVdrGf8H,Poop,Jordan Shand,36
spotify:playlist:4tEMtdvUKQ3pkKhOiEBObm,4tEMtdvUKQ3pkKhOiEBObm,JS,Jordan Shand,14
spotify:playlist:7D2t2SB9mHII8Z4jpU0kvS,7D2t2SB9mHII8Z4jpU0kvS,Sad/soul,Jordan Shand,8
